{"cameraMode":{"drawMode":0,"name":"Shaded","section":"Shading Mode"},"sceneLighting":true,"audioPlay":false,"sceneViewState":{"showFog":false,"showMaterialUpdate":false,"showSkybox":false,"showFlares":false,"showImageEffects":false,"showParticleSystems":false},"in2DMode":false,"pivot":{"x":0.9591960906982422,"y":-5.026937007904053,"z":-1.9447505474090577},"rotation":{"x":-0.18260125815868379,"y":0.6684096455574036,"z":-0.1744585484266281,"w":-0.6996071338653565},"size":20.732025146484376,"orthographic":false}